{
    "env_name": "optim_continuous",
    "type": "continuous",
    "pdf": "cma-full",
    "avg_type": "linear",
    "n_gen": 100,
    "n_ind": 8,
    "n_avg": 5,
    "n_cpu": 2,
    "lr_mu": 5.0e-3,
    "lr_sg": 5.0e-3,
    "lr_cr": 1.0e-3,
    "mu_arch": [2,2,2],
    "sg_arch": [2,2,2],
    "cr_arch": [2,2,2],
    "mu_epochs": 128,
    "sg_epochs": 16,
    "cr_epochs": 16,
    "mu_gen": 1,
    "sg_gen": 8,
    "cr_gen": 16,
    "mu_batch": 1,
    "sg_batch": 4,
    "cr_batch": 8,
    "adv_clip": true,
    "adv_decay": 0.65
}
